0,199,reshmi tr,bnesh@gmail.com,22/08/2015
0,93,reshmi tr,pooja@gmail.com,21/08/2015
1,90,reshmi tr,pooja@gmail.com,21/08/2015
0,365,reshmi tr,bnesh@gmail.com,22/08/2015
0,24,reshmi tr,pooja@gmail.com,22/08/2015
0,295,ramesh pk,pooja@gmail.com,18/08/2015
0,352,reshmi tr,bnesh@gmail.com,22/08/2015
0,210,reshmi tr,pooja@gmail.com,22/08/2015
0,496,ramesh pk,pooja@gmail.com,18/08/2015
0,404,Ramesh PK,,18/08/2015
0,237,Ramesh Varghese,,19/08/2015
0,909,Ramesh PK,,18/08/2015
0,182,Ramesh PK,,ramesh
0,62,Ramesh PK,,9807
1,731,,,3,sdrtgfthcfgvghramesh
0,261,,,3,rameshrss
0,59,,,3,ramerameshramesh
0,575,,,3,rameramesh
0,798,Ramesh PK,,18/
0,921,Ramesh PK,,18/2015
0,410,Ramesh PK,,ramesh pk
0,772,,,3,ramesh
0,90,Ramesh PK,,18/08/2015
0,880,Ramesh PK,,18/08/2015
1,638,Ramesh PK,,18/08/2015
0,99,Ramesh PK,,18/08/2015
0,976,Ramesh PK,,18/08/2015
1,483,Ramesh PK,,18/08/2015
0,796,,,18/08/2015
0,699,,,err
0,524,Ramesh PK,,3,resmi
0,703,Reshmi TR,,21/08/2015
0,730,Ramesh PK,,18/08/2015
1,960,Ramesh Varghese,,19/08/2015
1,629,Ramesh PK,jsp@gmail.com,18/08/2015
0,487,Ramesh PK,jsp@gmail.com,18/08/2015
0,823,Ramesh PK,jsp@gmail.com,18/08/2015
1,433,Ramesh PK,jsp@gmail.com,18/08/2015
0,944,Ramesh PK,,18/08/2015
